img,link,price,title
http://playnomore.co.kr/web/product/big/202103/d52fb9418aa67922d304bfb7eac04d15.jpg,http://playnomore.co.kr/product/40off-180-micro-baguette-yellow/573/?cate_no=24&display_group=1,$ 108,40%off  MICRO BAGUETTE yellow
http://playnomore.co.kr/web/product/big/202007/598e56c9efa82be4dd6d129db71ba5cc.jpg,http://playnomore.co.kr/product/micro-candy-natural/532/?cate_no=24&display_group=1,$ 180,MICRO CANDY natural
http://playnomore.co.kr/web/product/big/202007/fa7175a58806657a4edf2611ba7a7336.jpg,http://playnomore.co.kr/product/20off-pre-order180-micro-candy-black/506/?cate_no=24&display_group=1,$ 144,20%off [Pre-Order] MICRO CANDY black
http://playnomore.co.kr/web/product/big/202101/d3a3c250047d92cb1363382c07b20e2d.jpg,http://playnomore.co.kr/product/40off-255-little-spencer-6-colors/580/?cate_no=24&display_group=1,$ 153,40%off  LITTLE SPENCER 6 colors
http://playnomore.co.kr/web/product/big/202101/0f1f12ecee88cb6a90b689c2362d5590.jpg,http://playnomore.co.kr/product/30off-330-shygirl-lavender/581/?cate_no=24&display_group=1,$ 231,30%off  SHYGIRL lavender
http://playnomore.co.kr/web/product/big/202007/f62379ae157d187c31bd34070ef07f2a.jpg,http://playnomore.co.kr/product/micro-candy-tweed-black/534/?cate_no=24&display_group=1,$ 180,MICRO CANDY tweed black
http://playnomore.co.kr/web/product/big/202007/41be7cd5c22e9c844a8e3a3b898c0234.jpg,http://playnomore.co.kr/product/20off-180-micro-candy-lavender/552/?cate_no=24&display_group=1,$ 144,20%off  MICRO CANDY lavender
http://playnomore.co.kr/web/product/big/202009/77055f160ce10e87bf5ab44c8f2a96db.jpg,http://playnomore.co.kr/product/pre-order-20off-180-micro-candy-pink/575/?cate_no=24&display_group=1,$ 144,[Pre-Order] 20%off  MICRO CANDY pink
http://playnomore.co.kr/web/product/big/202102/a3f8907b1414d739f37ac90e050ad2be.jpg,http://playnomore.co.kr/product/20off-180-micro-baguette-black-saffiano/574/?cate_no=24&display_group=1,$ 144,20%off  MICRO BAGUETTE black saffiano
http://playnomore.co.kr/web/product/big/202007/a4df4521be08ea0bea4882eec6fd27e8.jpg,http://playnomore.co.kr/product/20off-180-micro-candy-white/507/?cate_no=24&display_group=1,$ 144,20%off  MICRO CANDY white
http://playnomore.co.kr/web/product/big/202007/ad23b70dcdd2091e4b243dd198c6f414.jpg,http://playnomore.co.kr/product/20off-180-micro-baguette-white/572/?cate_no=24&display_group=1,$ 144,20%off  MICRO BAGUETTE white
http://playnomore.co.kr/web/product/big/202101/23f9991527b10d2de9ae9dc1740ac2fb.jpg,http://playnomore.co.kr/product/50off-180-rainbow-hobo-almond/582/?cate_no=24&display_group=1,$ 90,50%off  RAINBOW HOBO almond
http://playnomore.co.kr/web/product/big/201910/751de37eead5e1a82a373b0738ed1059.jpg,http://playnomore.co.kr/product/20off-180-micro-baguette-green-python/546/?cate_no=24&display_group=1,$ 144,20%off  MICRO BAGUETTE green python
http://playnomore.co.kr/web/product/big/201910/596078374708bbb81ffd629a8cf88950.jpg,http://playnomore.co.kr/product/20off-180-micro-baguette-grey-python/547/?cate_no=24&display_group=1,$ 144,20%off  MICRO BAGUETTE grey python
http://playnomore.co.kr/web/product/big/201910/0af90d394789fffda249d8ba5f787a96.jpg,http://playnomore.co.kr/product/20off-180-micro-baguette-pink-python/545/?cate_no=24&display_group=1,$ 144,20%off  MICRO BAGUETTE pink python
